{
    "acc": 0.6927080027924097,
    "loss": 0.9039686750205003
}