{
    "acc": 0.752714113389626,
    "loss": 0.7171212155787505
}